{
  "IcoMoonType": "selection",
  "icons": [
    {
      "icon": {
        "paths": [
          "M512 512c94.293 0 170.667-76.373 170.667-170.667s-76.373-170.667-170.667-170.667c-94.293 0-170.667 76.373-170.667 170.667s76.373 170.667 170.667 170.667zM512 597.333c-113.92 0-341.333 57.173-341.333 170.667v42.667c0 23.467 19.2 42.667 42.667 42.667h597.333c23.467 0 42.667-19.2 42.667-42.667v-42.667c0-113.493-227.413-170.667-341.333-170.667z"
        ],
        "attrs": [
          {}
        ],
        "isMulticolor": false,
        "isMulticolor2": false,
        "grid": 0,
        "tags": [
          "person"
        ]
      },
      "attrs": [
        {}
      ],
      "properties": {
        "order": 33,
        "id": 0,
        "name": "person",
        "prevSize": 32
      },
      "setIdx": 0,
      "setId": 6,
      "iconIdx": 0
    },
    {
      "icon": {
        "paths": [
          "M1081.034 32.647c22.118-21.172 51.553-32.876 82.093-32.644 30.538 0.232 59.794 12.383 81.591 33.889 21.798 21.506 34.433 50.684 35.241 81.378 0.809 30.693-10.277 60.503-30.915 83.136l-626.508 787.752c-10.774 11.667-23.776 21.029-38.23 27.528-14.454 6.497-30.063 9.999-45.893 10.294-15.831 0.294-31.558-2.623-46.241-8.579-14.684-5.956-28.022-14.828-39.217-26.085l-415.474-417.714c-11.57-10.839-20.85-23.91-27.287-38.435-6.437-14.523-9.898-30.202-10.177-46.099s2.63-31.689 8.553-46.431c5.923-14.743 14.739-28.136 25.921-39.379 11.183-11.242 24.503-20.106 39.167-26.061s30.37-8.879 46.183-8.599c15.812 0.28 31.406 3.761 45.853 10.231 14.445 6.472 27.447 15.802 38.228 27.434l328.799 330.414 545.329-698.557c0.982-1.215 2.030-2.375 3.14-3.473h-0.156z"
        ],
        "attrs": [
          {
            "fill": "rgb(244, 244, 253)"
          }
        ],
        "width": 1280,
        "isMulticolor": false,
        "isMulticolor2": false,
        "grid": 0,
        "tags": [
          "checkbox"
        ]
      },
      "attrs": [
        {
          "fill": "rgb(244, 244, 253)"
        }
      ],
      "properties": {
        "order": 32,
        "id": 0,
        "name": "checkbox",
        "prevSize": 32
      },
      "setIdx": 1,
      "setId": 5,
      "iconIdx": 0
    },
    {
      "icon": {
        "paths": [
          "M1024 85.333l-1024 480 327.251 101.001 504.749-394.334-383.927 431.629 0.311 0.098-0.384-0.098v235.038l183.522-178.419 232.482 71.753 159.996-746.667z"
        ],
        "attrs": [
          {
            "fill": "rgb(255, 255, 255)"
          }
        ],
        "isMulticolor": false,
        "isMulticolor2": false,
        "grid": 0,
        "tags": [
          "subscribe"
        ]
      },
      "attrs": [
        {
          "fill": "rgb(255, 255, 255)"
        }
      ],
      "properties": {
        "order": 31,
        "id": 0,
        "name": "subscribe",
        "prevSize": 32
      },
      "setIdx": 2,
      "setId": 4,
      "iconIdx": 0
    },
    {
      "icon": {
        "paths": [
          "M1024 103.131l-103.131-103.131-408.869 408.869-408.869-408.869-103.131 103.131 408.869 408.869-408.869 408.869 103.131 103.131 408.869-408.869 408.869 408.869 103.131-103.131-408.869-408.869 408.869-408.869z"
        ],
        "attrs": [
          {}
        ],
        "isMulticolor": false,
        "isMulticolor2": false,
        "grid": 0,
        "tags": [
          "cross"
        ]
      },
      "attrs": [
        {}
      ],
      "properties": {
        "order": 18,
        "id": 3,
        "name": "cross",
        "prevSize": 32
      },
      "setIdx": 3,
      "setId": 3,
      "iconIdx": 1
    },
    {
      "icon": {
        "paths": [
          "M1194.667 0h-1024c-70.4 0-127.36 57.6-127.36 128l-0.64 768c0 70.4 57.6 128 128 128h1024c70.4 0 128-57.6 128-128v-768c0-70.4-57.6-128-128-128zM1169.067 272l-452.48 282.88c-20.48 12.8-47.36 12.8-67.84 0l-452.48-282.88c-16-10.24-25.6-27.52-25.6-46.080 0-42.88 46.72-68.48 83.2-46.080l428.8 268.16 428.8-268.16c36.48-22.4 83.2 3.2 83.2 46.080 0 18.56-9.6 35.84-25.6 46.080z"
        ],
        "attrs": [
          {}
        ],
        "width": 1365,
        "isMulticolor": false,
        "isMulticolor2": false,
        "grid": 0,
        "tags": [
          "mail-icon"
        ]
      },
      "attrs": [
        {}
      ],
      "properties": {
        "order": 19,
        "id": 2,
        "name": "mail",
        "prevSize": 32
      },
      "setIdx": 3,
      "setId": 3,
      "iconIdx": 2
    },
    {
      "icon": {
        "paths": [
          "M923.672 698.298l-144.793-16.531c-34.772-3.99-68.974 7.98-93.486 32.492l-104.887 104.885c-161.32-82.084-293.569-213.763-375.654-375.654l105.456-105.457c24.511-24.512 36.483-58.714 32.492-93.486l-16.531-143.65c-6.84-57.574-55.294-100.897-113.437-100.897h-98.616c-64.414 0-117.998 53.584-114.008 117.998 30.212 486.814 419.547 875.581 905.786 905.789 64.417 3.994 117.996-49.593 117.996-114.003v-98.619c0.575-57.573-42.748-106.027-100.32-112.868z"
        ],
        "attrs": [
          {}
        ],
        "isMulticolor": false,
        "isMulticolor2": false,
        "grid": 0,
        "tags": [
          "phone-icon"
        ]
      },
      "attrs": [
        {}
      ],
      "properties": {
        "order": 21,
        "id": 0,
        "name": "phone",
        "prevSize": 32
      },
      "setIdx": 3,
      "setId": 3,
      "iconIdx": 4
    },
    {
      "icon": {
        "paths": [
          "M984.736 707.12l-270.176-272.16 29.984-147.68c7.744 3.008 15.968 4.592 24.272 4.64h0.208c0.243 0.003 0.53 0.005 0.817 0.005 38.156 0 69.088-30.932 69.088-69.088s-30.932-69.088-69.088-69.088c-38.156 0-69.088 30.932-69.088 69.088 0 8.305 1.465 16.268 4.152 23.644l-0.153-0.48-158.72 19.36-258.912-260.24c-3.067-3.129-7.326-5.081-12.041-5.12l-0.007-0c-4.48 0.016-8.768 1.808-11.952 4.96l-48.4 48.128c-3.090 3.089-5.001 7.358-5.001 12.072s1.911 8.983 5.001 12.072l0 0 26.048 26.4c-36.572 65.991-58.098 144.701-58.098 228.439 0 131.386 52.991 250.396 138.767 336.822l-0.029-0.030c1.344 1.296 2.928 2.352 4.656 3.12-1.022 5.244-1.626 11.291-1.664 17.472l-0 0.032v197.984h-204.8c-47.113 0.045-85.296 38.217-85.36 85.322l-0 0.006v34.128c0 9.44 7.648 17.072 17.072 17.072h785.072c9.424 0 17.072-7.648 17.072-17.072v-34.128c-0.064-47.105-38.237-85.273-85.339-85.328l-204.805-0v-87.744c32.080 6.72 64.768 10.16 97.552 10.24 82.553-0.092 160.151-21.221 227.748-58.312l-2.468 1.24 26.192 26.336c3.168 3.232 7.504 5.088 12.048 5.12 4.48-0.032 8.768-1.808 11.936-4.96l48.4-48.144c3.085-3.089 4.993-7.354 4.993-12.064s-1.908-8.975-4.993-12.064l0 0zM744.96 199.456c6.168-6.131 14.67-9.92 24.056-9.92 18.848 0 34.128 15.28 34.128 34.128s-15.28 34.128-34.128 34.128c-0.003 0-0.006-0-0.008-0l-0.096 0c-18.776-0.095-33.96-15.338-33.96-34.128 0-9.462 3.851-18.025 10.071-24.207l0.002-0.002h-0.064zM704.784 311.616l-19.152 94.24-37.616-37.824 56.768-56.432zM685.392 282.752l-61.44 61.072-47.52-47.792 108.96-13.28zM768.128 921.6c28.277 0 51.2 22.923 51.2 51.2v0 17.072h-750.928v-17.072c-0-28.277 22.923-51.2 51.2-51.2h648.528zM529.2 853.328v34.144h-170.672v-34.144h170.672zM358.528 819.2v-129.712c0-41.392 38.288-75.088 85.328-75.088 47.056 0 85.344 33.696 85.344 75.088v129.712h-170.672zM563.328 764.928v-75.44c0-60.224-53.6-109.216-119.456-109.216-0.56-0.009-1.221-0.015-1.882-0.015-43.281 0-81.281 22.612-102.831 56.668l-0.295 0.499c-75.508-79.413-121.956-187.073-121.956-305.583 0-74.052 18.136-143.869 50.209-205.25l-1.165 2.449 595.264 598.672c-58.325 30.298-127.346 48.068-200.518 48.068-34.518 0-68.112-3.954-100.354-11.435l2.984 0.583zM924.576 743.056l-673.824-677.776 24.16-24.064 253.92 255.36c0.112 0 0.176 0.208 0.304 0.304l419.664 422.112-24.224 24.064z",
          "M444.016 648.528h-0.16c-0.024-0-0.052-0-0.080-0-28.277 0-51.2 22.923-51.2 51.2 0 28.249 22.877 51.154 51.116 51.2l0.004 0h0.16c0.024 0 0.052 0 0.080 0 28.277 0 51.2-22.923 51.2-51.2 0-28.249-22.877-51.154-51.116-51.2l-0.004-0zM455.968 711.84c-3.084 3.056-7.329 4.945-12.016 4.945-9.429 0-17.072-7.643-17.072-17.072 0-0.023 0-0.046 0-0.068l-0 0.004c0.063-9.35 7.626-16.913 16.97-16.976l0.006-0c9.388 0.054 16.977 7.677 16.977 17.072 0 4.727-1.921 9.004-5.024 12.096l-0.001 0.001h0.16z"
        ],
        "attrs": [
          {
            "fill": "rgb(46, 47, 66)"
          },
          {
            "fill": "rgb(77, 90, 229)"
          }
        ],
        "isMulticolor": true,
        "isMulticolor2": false,
        "grid": 0,
        "tags": [
          "antenna"
        ],
        "colorPermutations": {
          "2442442531464766177902291": [
            {
              "f": 0
            },
            {
              "f": 1
            }
          ]
        }
      },
      "attrs": [
        {
          "fill": "rgb(46, 47, 66)"
        },
        {
          "fill": "rgb(77, 90, 229)"
        }
      ],
      "properties": {
        "order": 23,
        "id": 7,
        "name": "antenna",
        "prevSize": 32
      },
      "setIdx": 4,
      "setId": 2,
      "iconIdx": 0
    },
    {
      "icon": {
        "paths": [
          "M1023.168 144.768c-2.040-6.11-7.271-10.621-13.666-11.588l-0.094-0.012-61.152-8.896-27.36-55.392c-5.728-11.68-24.848-11.68-30.592 0l-27.36 55.392-61.12 8.896c-8.319 1.229-14.631 8.319-14.631 16.883 0 4.79 1.975 9.12 5.155 12.218l0.004 0.004 44.24 43.12-10.448 60.896c-1.088 6.4 1.536 12.864 6.784 16.688 5.312 3.856 12.24 4.336 17.984 1.296l54.688-28.752 54.688 28.752c2.292 1.22 5.013 1.936 7.9 1.936 9.437 0 17.088-7.651 17.088-17.088 0-1-0.086-1.981-0.251-2.934l0.015 0.102-10.432-60.896 44.256-43.12c3.179-3.111 5.15-7.445 5.15-12.239 0-1.881-0.304-3.692-0.864-5.386l0.035 0.121zM944.352 187.232c-4 3.904-5.856 9.568-4.896 15.104l6.112 35.648-32.016-16.816c-2.304-1.243-5.043-1.973-7.952-1.973s-5.648 0.73-8.043 2.018l0.091-0.045-32.016 16.816 6.112-35.648c0.155-0.864 0.243-1.858 0.243-2.873 0-4.793-1.973-9.125-5.152-12.228l-0.003-0.003-25.92-25.264 35.808-5.2c5.568-0.8 10.368-4.304 12.848-9.344l16-32.416 16.032 32.416c2.496 5.040 7.296 8.544 12.864 9.344l35.792 5.2-25.888 25.264zM836.272 656.704h-34.144v34.144h34.144v-34.144zM836.272 724.976h-34.144v34.144h34.144v-34.16z",
          "M870.4 690.848h-34.128v34.128h34.128v-34.128zM802.144 690.848h-34.144v34.128h34.144v-34.128zM716.8 844.448h-34.128v34.128h34.128v-34.128zM716.8 912.72h-34.128v34.128h34.128v-34.128zM750.944 878.576h-34.144v34.144h34.144v-34.16z",
          "M682.672 878.576h-34.144v34.144h34.144v-34.16zM512 776.176h-34.128v34.144h34.128v-34.16zM512 844.448h-34.128v34.128h34.128v-34.128zM546.128 810.32h-34.128v34.128h34.128v-34.128zM477.872 810.32h-34.144v34.128h34.144v-34.128zM187.728 195.904h-34.128v34.128h34.128v-34.128zM187.728 264.16h-34.128v34.144h34.128v-34.128zM221.856 230.032h-34.128v34.144h34.128v-34.144zM153.6 230.032h-34.144v34.144h34.144v-34.144z",
          "M790.88 453.104c-8.957-12.052-22.357-20.368-37.732-22.526l-0.3-0.034c-2.441-0.371-5.257-0.583-8.123-0.583-13.149 0-25.255 4.464-34.885 11.959l0.128-0.096-40.064 30.704-60.72 45.36-43.456-17.312c77.472-34.752 131.632-112.256 131.632-202.24 0-122.336-99.92-221.856-222.752-221.856s-222.768 99.52-222.768 221.856c0 44.336 13.248 85.568 35.84 120.272l-88.608-0.768c-0.272 0-0.48 0.144-0.752 0.16-1.8 0.077-3.494 0.429-5.075 1.013l0.115-0.037c-0.416 0.16-0.832 0.24-1.232 0.432-0.192 0.080-0.4 0.096-0.608 0.208l-103.488 51.088-60.592 29.152c-0.776 0.349-1.438 0.723-2.061 1.149l0.045-0.029c-15.41 10.357-25.415 27.724-25.415 47.427 0 9.492 2.322 18.441 6.428 26.312l-0.149-0.315c7.040 13.728 19.040 23.84 33.792 28.464 5.137 1.685 11.049 2.657 17.189 2.657 9.86 0 19.135-2.507 27.221-6.918l-0.298 0.149 44.416-23.616 72.448-37.424 43.424-0.24-174.144 173.28c0 0.032-0.032 0.032-0.048 0.048l-42.832 42.656c-9.683 9.571-15.68 22.853-15.68 37.536 0 0.056 0 0.112 0 0.169l-0-0.009c0 14.24 5.552 27.632 15.68 37.712 10.4 10.352 24.064 15.52 37.728 15.52 13.696 0 27.344-5.168 37.76-15.52l42.064-41.872 55.712-41.6 28.816 28.704-99.264 98.832c-9.683 9.571-15.68 22.853-15.68 37.536 0 0.051 0 0.101 0 0.152l-0-0.008c0 14.24 5.568 27.632 15.68 37.728 10.4 10.336 24.080 15.52 37.76 15.52 13.664 0 27.36-5.184 37.76-15.52l111.424-110.928c0-0.032 0-0.048 0.032-0.064l32.304-32-0.128-0.112c0.208-0.208 0.496-0.272 0.704-0.496l165.312-181.056 111.072 15.792c0.651 0.089 1.404 0.14 2.168 0.14 2.245 0 4.387-0.439 6.345-1.237l-0.113 0.041c0.56-0.208 1.056-0.48 1.6-0.752 0.608-0.304 1.248-0.48 1.824-0.864l102.832-68.272c0.384-0.256 0.576-0.656 0.944-0.944 0.4-0.32 0.912-0.448 1.28-0.8l40.704-38.128c11.112-10.416 18.035-25.185 18.035-41.57 0-12.81-4.231-24.632-11.372-34.145l0.106 0.147zM68.16 568.64c-5.536 2.976-11.84 3.568-17.856 1.664-9.431-2.968-16.151-11.633-16.151-21.868 0-7.547 3.654-14.24 9.289-18.408l0.062-0.044 42.048-20.224 10.112 29.584 4.256 12.416-31.76 16.88zM180.080 510.16l-49.552 25.6-8.16-23.904-5.872-17.168 64.848-32-1.264 47.472zM663.264 298.304c0 29.392-7.008 57.12-19.168 81.904l-133.808-60.768c-1.389-18.407-10.952-34.328-25.030-44.291l-0.186-0.125 46.848-155.52c76.080 24.176 131.344 95.152 131.344 178.784zM286.016 298.304c0-103.52 84.624-187.744 188.624-187.744 8.096 0 16 0.688 23.84 1.68l-45.824 152.112c-0.608 0-1.2-0.176-1.824-0.176-0.010-0-0.021-0-0.032-0-33.019 0-59.797 26.722-59.888 59.719l-0 0.009c0.091 33.006 26.869 59.728 59.888 59.728 0.011 0 0.023-0 0.034-0l-0.002 0c22.224 0 41.424-12.256 51.776-30.224l123.6 56.16c-34.4 46.288-89.44 76.48-151.568 76.48-104 0-188.624-84.24-188.624-187.744zM476.624 323.904c0 14.112-11.584 25.6-25.792 25.6-0.019 0-0.042 0-0.064 0-14.164 0-25.655-11.446-25.728-25.593l-0-0.007c0-14.112 11.568-25.6 25.792-25.6s25.792 11.488 25.792 25.6zM78.864 804.672c-3.515 3.471-8.347 5.615-13.68 5.615-5.317 0-10.137-2.131-13.65-5.586l0.003 0.003c-3.486-3.445-5.646-8.226-5.646-13.512s2.159-10.067 5.644-13.51l0.002-0.002 30.784-30.672 27.232 27.12-30.672 30.56zM181.712 924.144c-3.515 3.484-8.354 5.638-13.696 5.638-5.326 0-10.153-2.14-13.666-5.608l0.002 0.002c-3.483-3.447-5.639-8.228-5.639-13.512s2.156-10.065 5.637-13.51l0.002-0.002 30.816-30.688 27.264 27.12-30.72 30.56zM293.136 813.152l-0.064 0.032-56.48 56.32-27.248-27.12 56.432-56.192s0.032 0 0.048-0.032c1.28-1.28 2.080-2.816 2.88-4.32 0.208-0.448 0.64-0.832 0.832-1.28 0.528-1.328 0.608-2.736 0.8-4.128 0.112-0.784 0.448-1.52 0.448-2.32 0-1.136-0.4-2.24-0.64-3.376-0.208-1.024-0.208-2.080-0.592-3.056-0.64-1.6-1.76-3.024-2.928-4.4-0.32-0.384-0.432-0.864-0.8-1.216h-0.016l-0.032-0.064-51.424-51.2c-0.544-0.544-1.248-0.768-1.856-1.232-0.813-0.67-1.725-1.281-2.695-1.797l-0.089-0.043c-0.849-0.406-1.846-0.763-2.883-1.017l-0.109-0.023c-0.957-0.303-2.077-0.529-3.232-0.635l-0.064-0.005c-0.195-0.008-0.424-0.013-0.653-0.013-0.842 0-1.669 0.063-2.478 0.184l0.091-0.011c-1.238 0.113-2.375 0.339-3.465 0.672l0.121-0.032c-1.154 0.414-2.147 0.9-3.075 1.479l0.067-0.039c-0.64 0.352-1.36 0.48-1.952 0.912l-56.752 42.368-28.816-28.704 76.768-76.368 139.52 137.248-29.664 29.408zM511.328 588.608c-0.48-0.064-0.96 0.128-1.44 0.096-0.248-0.013-0.539-0.021-0.831-0.021-1.007 0-1.992 0.089-2.95 0.26l0.101-0.015c-0.976 0.16-1.904 0.352-2.832 0.672-1.183 0.428-2.202 0.935-3.151 1.542l0.063-0.038c-0.96 0.576-1.824 1.2-2.656 1.968-0.416 0.352-0.912 0.528-1.28 0.928l-150.352 164.672-138.496-136.224 90.656-90.176c3.081-3.090 4.986-7.355 4.986-12.064 0-9.437-7.651-17.088-17.088-17.088-0.015 0-0.030 0-0.044 0l0.002-0-70.992 0.416 0.88-51.44 99.328 0.848c40.434 41.494 96.864 67.232 159.305 67.232 0.036 0 0.072-0 0.108-0l-0.006 0c14 0 27.648-1.44 40.944-3.92 1.28 1.024 2.544 2.064 4.16 2.72l77.104 30.72 10.576 52.576-96.096-13.664zM640.656 594.32l-10.032-49.856 46.288-34.56 30.304 40.208-66.56 44.208zM760.768 503.728l-26.816 25.12-29.792-39.568 26.608-20.384c4.96-3.84 11.216-5.376 17.36-4.576 6.192 0.864 11.648 4.096 15.36 9.088 6.944 9.344 5.76 22.368-2.72 30.32z",
          "M435.264 593.408l-68.576-68.272c-3.084-3.074-7.34-4.975-12.040-4.975s-8.956 1.901-12.040 4.976l-68.56 68.272c-3.089 3.101-4.999 7.38-4.999 12.104s1.91 9.003 5 12.105l-0.001-0.001 68.56 68.256c3.084 3.074 7.34 4.975 12.040 4.975s8.956-1.901 12.040-4.976l68.576-68.256c3.109-3.093 5.033-7.374 5.033-12.104s-1.924-9.011-5.032-12.103l-0.001-0.001zM354.656 649.696l-44.368-44.192 44.368-44.176 44.4 44.176-44.4 44.192zM549.248 162.272l-8.24 33.136c2.272 0.56 55.616 14.464 55.616 68.768h34.128c0-64.544-53.296-94.896-81.488-101.92zM630.752 298.304h-34.128v34.144h34.128v-34.144z"
        ],
        "attrs": [
          {
            "fill": "rgb(77, 90, 229)"
          },
          {
            "fill": "rgb(77, 90, 229)"
          },
          {
            "fill": "rgb(77, 90, 229)"
          },
          {
            "fill": "rgb(46, 47, 66)"
          },
          {
            "fill": "rgb(46, 47, 66)"
          }
        ],
        "isMulticolor": true,
        "isMulticolor2": false,
        "grid": 0,
        "tags": [
          "astronaut"
        ],
        "colorPermutations": {
          "2442442531464766177902291": [
            {
              "f": 1
            },
            {
              "f": 1
            },
            {
              "f": 1
            },
            {
              "f": 0
            },
            {
              "f": 0
            }
          ]
        }
      },
      "attrs": [
        {
          "fill": "rgb(77, 90, 229)"
        },
        {
          "fill": "rgb(77, 90, 229)"
        },
        {
          "fill": "rgb(77, 90, 229)"
        },
        {
          "fill": "rgb(46, 47, 66)"
        },
        {
          "fill": "rgb(46, 47, 66)"
        }
      ],
      "properties": {
        "order": 24,
        "id": 6,
        "name": "astronaut",
        "prevSize": 32
      },
      "setIdx": 4,
      "setId": 2,
      "iconIdx": 1
    },
    {
      "icon": {
        "paths": [
          "M1001.488 489.632c-0.048-270.464-219.36-489.68-489.856-489.632-270.464 0.048-489.68 219.36-489.632 489.856 0.055 217.216 141.51 401.379 337.321 465.451l3.463 0.981c1.92 0.608 3.952 0.928 5.968 0.912 3.872 0 7.648-1.040 10.96-2.992 4.32-2.56 7.552-6.624 9.072-11.408l123.68-392c33.715-0.123 60.999-27.483 60.999-61.216 0-33.809-27.407-61.216-61.216-61.216-9.7 0-18.872 2.256-27.022 6.272l0.359-0.16-163.392-163.408c-3.692-3.69-8.792-5.972-14.424-5.972-11.269 0-20.404 9.135-20.404 20.404 0 5.636 2.285 10.739 5.98 14.432l0 0 163.312 163.488c-3.865 7.712-6.127 16.802-6.127 26.422 0 19.248 9.059 36.38 23.145 47.366l0.134 0.1-117.84 373.536c-232.896-85.792-352.144-344.128-266.352-577.024 85.792-232.864 344.144-352.144 577.024-266.352 232.88 85.808 352.128 344.144 266.352 577.024-43.039 114.598-128.116 204.992-235.981 254.005l-2.819 1.147-12.736-59.984c-2.024-9.303-10.188-16.169-19.956-16.169-5.224 0-9.99 1.964-13.599 5.194l0.020-0.017-122.784 109.616c-4.214 3.754-6.855 9.196-6.855 15.254 0 9.069 5.918 16.756 14.102 19.409l0.144 0.040 156.752 50.032c1.87 0.624 4.022 0.984 6.259 0.984 11.267 0 20.4-9.133 20.4-20.4 0-1.51-0.164-2.982-0.475-4.399l0.025 0.135-12.512-58.848c176.886-75.98 298.513-248.694 298.513-449.816 0-0.363-0-0.726-0.001-1.089l0 0.057zM511.744 469.232c11.275 0 20.416 9.141 20.416 20.416s-9.141 20.416-20.416 20.416h-0c-11.275 0-20.416-9.141-20.416-20.416s9.141-20.416 20.416-20.416h-0zM578.96 944.88l69.888-62.336 19.296 90.88-89.184-28.544z",
          "M491.344 101.92v40.8c0 11.267 9.133 20.4 20.4 20.4s20.4-9.133 20.4-20.4v-40.8c-0.446-10.922-9.409-19.608-20.4-19.608s-19.954 8.686-20.399 19.568l-0.001 0.040zM124.032 469.232c-11.267 0-20.4 9.133-20.4 20.4s9.133 20.4 20.4 20.4h40.8c11.267 0 20.4-9.133 20.4-20.4s-9.133-20.4-20.4-20.4l-40.8-0zM899.456 510.048c11.267 0 20.4-9.133 20.4-20.4s-9.133-20.4-20.4-20.4l-40.8-0c-10.922 0.446-19.608 9.409-19.608 20.4s8.686 19.954 19.568 20.399l0.040 0.001h40.8z"
        ],
        "attrs": [
          {
            "fill": "rgb(46, 47, 66)"
          },
          {
            "fill": "rgb(77, 90, 229)"
          }
        ],
        "isMulticolor": true,
        "isMulticolor2": false,
        "grid": 0,
        "tags": [
          "clock"
        ],
        "colorPermutations": {
          "2442442531464766177902291": [
            {
              "f": 0
            },
            {
              "f": 1
            }
          ]
        }
      },
      "attrs": [
        {
          "fill": "rgb(46, 47, 66)"
        },
        {
          "fill": "rgb(77, 90, 229)"
        }
      ],
      "properties": {
        "order": 25,
        "id": 5,
        "name": "clock",
        "prevSize": 32
      },
      "setIdx": 4,
      "setId": 2,
      "iconIdx": 2
    },
    {
      "icon": {
        "paths": [
          "M477.616 478.88h34.112v153.504h-34.112v-153.504zM614.080 547.104h34.112v85.28h-34.112v-85.28zM341.152 598.272h34.112v34.112h-34.112v-34.112zM238.8 581.216h34.128v51.168h-34.128v-51.168z",
          "M51.168 905.312h818.768c0.005 0 0.010 0 0.016 0 28.259 0 51.168-22.909 51.168-51.168l-0-0v-68.24c0-28.259-22.909-51.168-51.168-51.168-0.006 0-0.011 0-0.017 0l-17.055-0v-425.392l96.896-91.776c6.637 3.345 14.465 5.303 22.751 5.303 28.418 0 51.456-23.038 51.456-51.456s-23.038-51.456-51.456-51.456c-28.418 0-51.456 23.038-51.456 51.456 0 7.89 1.776 15.366 4.95 22.049l-0.133-0.312-73.008 69.2v-39.36c0-28.259-22.909-51.168-51.168-51.168v0h-682.304c-0.005-0-0.010-0-0.016-0-28.259 0-51.168 22.909-51.168 51.168 0 0.006 0 0.011 0 0.017l-0-0.001v511.712h-17.056c-28.259-0-51.168 22.909-51.168 51.168 0 0.006 0 0.011 0 0.017l-0-0.001v68.24c-0 28.259 22.909 51.168 51.168 51.168l0-0zM972.288 154.768c9.424 0 17.064 7.64 17.064 17.064s-7.64 17.064-17.064 17.064h-0c-9.424 0-17.064-7.64-17.064-17.064s7.64-17.064 17.064-17.064h-0zM102.352 223.008c0-9.44 7.632-17.072 17.056-17.072h682.304c9.424 0 17.056 7.648 17.056 17.072v71.632l-34.112 32.416v-69.936c0-9.424-7.632-17.056-17.056-17.056h-614.080c-9.424 0-17.056 7.632-17.056 17.056v426.432c0 9.44 7.632 17.072 17.056 17.072h614.080c9.424 0 17.056-7.648 17.056-17.072v-309.568l34.112-32.32v393.056h-716.416v-511.712zM255.872 444.752c-0.043-0-0.093-0-0.144-0-28.259 0-51.168 22.909-51.168 51.168s22.909 51.168 51.168 51.168c13.827 0 26.374-5.485 35.582-14.397l-0.014 0.013 59.296 29.76c6.88 3.44 15.248 1.824 20.368-3.936l126.032-141.808 123.904 92.848c6.656 4.976 15.936 4.448 21.952-1.264l107.68-102v260.192h-579.936v-392.32h579.968v85.12l-120.704 114.304-124.96-93.68c-2.812-2.119-6.365-3.393-10.215-3.393-5.059 0-9.604 2.201-12.73 5.697l-0.014 0.016-127.776 143.76-47.776-23.888c0.352-2.048 0.576-4.112 0.656-6.192-0.009-28.256-22.912-51.159-51.167-51.168l-0.001-0zM272.928 495.92c0 9.424-7.64 17.064-17.064 17.064s-17.064-7.64-17.064-17.064v-0c0-9.424 7.64-17.064 17.064-17.064s17.064 7.64 17.064 17.064v-0zM375.264 768.848h170.576v17.056c0 9.424-7.632 17.056-17.056 17.056h-136.464c-9.42 0-17.056-7.636-17.056-17.056h-0v-17.056zM34.112 785.92c0-9.424 7.648-17.056 17.056-17.056h289.984v17.056c-0 0.005-0 0.010-0 0.016 0 28.259 22.909 51.168 51.168 51.168l136.48-0c28.259 0 51.168-22.909 51.168-51.168 0-0.006-0-0.011-0-0.017l0 0.001v-17.056h289.952c9.44 0 17.072 7.632 17.072 17.056v68.24c0 9.408-7.648 17.056-17.072 17.056h-818.752c-9.42 0-17.056-7.636-17.056-17.056v0-68.24z"
        ],
        "attrs": [
          {
            "fill": "rgb(77, 90, 229)"
          },
          {
            "fill": "rgb(46, 47, 66)"
          }
        ],
        "isMulticolor": true,
        "isMulticolor2": false,
        "grid": 0,
        "tags": [
          "diagram"
        ],
        "colorPermutations": {
          "2442442531464766177902291": [
            {
              "f": 1
            },
            {
              "f": 0
            }
          ]
        }
      },
      "attrs": [
        {
          "fill": "rgb(77, 90, 229)"
        },
        {
          "fill": "rgb(46, 47, 66)"
        }
      ],
      "properties": {
        "order": 26,
        "id": 4,
        "name": "diagram",
        "prevSize": 32
      },
      "setIdx": 4,
      "setId": 2,
      "iconIdx": 3
    },
    {
      "icon": {
        "paths": [
          "M650.56 170.048h93.44v-162.816c-39.608-4.609-85.498-7.239-132.003-7.239-1.473 0-2.946 0.003-4.418 0.008l0.229-0.001c-134.784 0-227.008 84.8-227.008 240.64v143.36h-148.8v182.016h148.736v457.984h182.336v-457.92h142.72l22.656-182.080h-165.44v-125.44c0.064-52.608 14.208-88.576 87.552-88.576z"
        ],
        "attrs": [
          {
            "fill": "rgb(244, 244, 253)"
          }
        ],
        "isMulticolor": false,
        "isMulticolor2": false,
        "grid": 0,
        "tags": [
          "facebook"
        ],
        "colorPermutations": {
          "2442442531464766177902291": [
            {
              "f": 2
            }
          ]
        }
      },
      "attrs": [
        {
          "fill": "rgb(244, 244, 253)"
        }
      ],
      "properties": {
        "order": 27,
        "id": 3,
        "name": "facebook",
        "prevSize": 32
      },
      "setIdx": 4,
      "setId": 2,
      "iconIdx": 4
    },
    {
      "icon": {
        "paths": [
          "M1022.976 301.056c-2.368-54.4-11.2-91.84-23.808-124.224-13.569-35.559-33.712-65.863-59.156-90.773l-0.044-0.043c-24.948-25.339-55.173-45.404-88.902-58.423l-1.722-0.585c-32.64-12.608-69.76-21.44-124.16-23.808-54.912-2.56-72.384-3.2-211.264-3.2-139.072 0-156.48 0.64-211.072 3.008-54.4 2.368-91.776 11.2-124.16 23.808-35.584 13.559-65.911 33.704-90.838 59.157l-0.042 0.043c-25.336 24.951-45.4 55.175-58.423 88.901l-0.585 1.723c-12.608 32.64-21.376 69.76-23.808 124.16-2.56 54.848-3.2 72.32-3.2 211.264 0 139.072 0.64 156.48 3.008 211.072 2.368 54.4 11.2 91.84 23.808 124.224 12.992 34.432 33.216 65.216 59.2 90.88 25.6 25.92 56.64 46.144 90.624 58.944 32.64 12.608 69.76 21.44 124.224 23.808 54.592 2.432 72 3.008 211.072 3.008 139.008 0 156.416-0.64 211.008-3.008 54.4-2.368 91.84-11.2 124.224-23.808 69.004-27.188 122.608-80.772 149.205-147.987l0.619-1.773c12.608-32.64 21.44-69.888 23.808-124.288 2.432-54.592 3.008-72 3.008-211.008 0-139.072-0.192-156.48-2.56-211.072zM930.816 719.104c-2.24 50.048-10.624 77.056-17.664 95.040-17.63 44.811-52.42 79.621-96.065 96.879l-1.151 0.401c-17.984 6.976-45.184 15.36-94.976 17.536-54.016 2.432-70.208 3.008-206.848 3.008s-153.024-0.64-206.848-3.008c-50.048-2.176-77.056-10.56-95.040-17.6-23.072-8.61-42.723-21.634-58.779-38.169l-0.037-0.039c-16.529-16.122-29.545-35.763-37.845-57.721l-0.363-1.095c-7.040-17.984-15.36-45.184-17.6-94.976-2.368-54.016-3.008-70.272-3.008-206.848 0-136.64 0.64-153.024 3.008-206.848 2.24-50.048 10.624-76.992 17.6-95.040 8.192-22.208 21.248-42.368 38.4-58.816 16.64-16.96 36.608-30.016 58.88-38.208 17.92-7.040 45.184-15.36 94.976-17.6 54.016-2.368 70.208-3.008 206.848-3.008 136.832 0 152.96 0.64 206.848 3.008 49.984 2.24 76.992 10.624 94.976 17.6 22.208 8.192 42.432 21.248 58.88 38.208 16.96 16.64 29.952 36.608 38.144 58.88 7.040 17.92 15.424 45.184 17.6 94.976 2.432 54.016 3.008 70.208 3.008 206.848s-0.576 152.64-2.944 206.656z",
          "M513.92 249.024c-142.79 3.25-257.301 119.772-257.301 263.040s114.511 259.79 256.999 263.035l0.302 0.005c142.79-3.25 257.301-119.772 257.301-263.040s-114.511-259.79-256.999-263.035l-0.302-0.005zM513.92 682.752c-94.268 0-170.688-76.42-170.688-170.688s76.42-170.688 170.688-170.688v0c94.268 0 170.688 76.42 170.688 170.688s-76.42 170.688-170.688 170.688v0zM848.768 238.656c0 33.932-27.508 61.44-61.44 61.44s-61.44-27.508-61.44-61.44h0c-0-33.932 27.508-61.44 61.44-61.44s61.44 27.508 61.44 61.44v0z"
        ],
        "attrs": [
          {
            "fill": "rgb(244, 244, 253)"
          },
          {
            "fill": "rgb(244, 244, 253)"
          }
        ],
        "isMulticolor": false,
        "isMulticolor2": false,
        "grid": 0,
        "tags": [
          "instagram"
        ],
        "colorPermutations": {
          "2442442531464766177902291": [
            {
              "f": 2
            },
            {
              "f": 2
            }
          ]
        }
      },
      "attrs": [
        {
          "fill": "rgb(244, 244, 253)"
        },
        {
          "fill": "rgb(244, 244, 253)"
        }
      ],
      "properties": {
        "order": 28,
        "id": 2,
        "name": "instagram",
        "prevSize": 32
      },
      "setIdx": 4,
      "setId": 2,
      "iconIdx": 5
    },
    {
      "icon": {
        "paths": [
          "M1023.744 1024h0.256v-375.68c0-183.68-39.552-325.248-254.336-325.248-103.232 0-172.544 56.704-200.832 110.4h-3.008v-93.184h-203.584v683.712h212.096v-338.56c0-89.152 16.896-175.36 127.232-175.36 108.8 0 110.4 101.76 110.4 181.12v332.8h211.84zM16.896 340.352h212.288v683.648h-212.288v-683.648zM122.944 0c-67.84 0-122.944 55.040-122.944 122.88s55.040 124.16 122.944 124.16 123.008-56.32 123.008-124.16c-0.064-67.776-55.232-122.88-123.072-122.88z"
        ],
        "attrs": [
          {
            "fill": "rgb(244, 244, 253)"
          }
        ],
        "isMulticolor": false,
        "isMulticolor2": false,
        "grid": 0,
        "tags": [
          "linkedin"
        ],
        "colorPermutations": {
          "2442442531464766177902291": [
            {
              "f": 2
            }
          ]
        }
      },
      "attrs": [
        {
          "fill": "rgb(244, 244, 253)"
        }
      ],
      "properties": {
        "order": 29,
        "id": 1,
        "name": "linkedin",
        "prevSize": 32
      },
      "setIdx": 4,
      "setId": 2,
      "iconIdx": 6
    },
    {
      "icon": {
        "paths": [
          "M1024 194.496c-35.192 15.792-76.021 27.443-118.78 32.924l-2.18 0.228c43.518-26.137 76.208-66.507 91.934-114.556l0.418-1.476c-38.319 23.126-82.919 40.758-130.43 50.362l-2.69 0.454c-38.402-40.927-92.831-66.423-153.216-66.423-115.933 0-209.915 93.979-209.92 209.911l-0 0.001c0 16.64 1.408 32.64 4.864 47.872-174.978-8.837-328.894-92.091-431.849-218.501l-0.855-1.083c-18.007 30.353-28.65 66.91-28.65 105.952 0 72.454 36.651 136.347 92.424 174.152l0.738 0.472c-34.944-0.944-67.486-10.39-95.892-26.33l1.044 0.538v2.304c0.12 101.253 71.581 185.78 166.812 206.026l1.38 0.246c-16.020 4.394-34.415 6.918-53.399 6.918-0.577 0-1.154-0.002-1.73-0.007l0.089 0.001c-0.982 0.019-2.139 0.029-3.299 0.029-12.898 0-25.488-1.316-37.644-3.82l1.199 0.206c27.936 83.957 104.749 143.866 195.885 146.234l0.275 0.006c-70.855 55.824-161.403 89.536-259.825 89.536-0.163 0-0.326-0-0.488-0l0.025 0c-17.216 0-33.728-0.768-50.24-2.88 90.441 59.072 201.177 94.211 320.121 94.211 0.677 0 1.355-0.001 2.032-0.003l-0.104 0c386.304 0 597.504-320 597.504-597.376 0-9.28-0.32-18.24-0.768-27.136 41.564-29.98 76.503-66.122 104.263-107.485l0.953-1.507z"
        ],
        "attrs": [
          {
            "fill": "rgb(244, 244, 253)"
          }
        ],
        "isMulticolor": false,
        "isMulticolor2": false,
        "grid": 0,
        "tags": [
          "twitter"
        ],
        "colorPermutations": {
          "2442442531464766177902291": [
            {
              "f": 2
            }
          ]
        }
      },
      "attrs": [
        {
          "fill": "rgb(244, 244, 253)"
        }
      ],
      "properties": {
        "order": 30,
        "id": 0,
        "name": "twitter",
        "prevSize": 32
      },
      "setIdx": 4,
      "setId": 2,
      "iconIdx": 7
    }
  ],
  "height": 1024,
  "preferences": {
    "showGlyphs": true,
    "showQuickUse": true,
    "showQuickUse2": true,
    "showSVGs": true,
    "fontPref": {
      "prefix": "icon-",
      "metadata": {
        "fontFamily": "icomoon"
      },
      "metrics": {
        "emSize": 1024,
        "baseline": 6.25,
        "whitespace": 50
      },
      "embed": false
    },
    "imagePref": {
      "prefix": "icon-",
      "png": false,
      "useClassSelector": true,
      "color": 0,
      "bgColor": 16777215,
      "classSelector": ".icon",
      "name": "icomoon",
      "height": 32,
      "columns": 16,
      "margin": 16,
      "sprite": false
    },
    "historySize": 50,
    "showCodes": true,
    "gridSize": 16
  }
}